,id,vector,distance,cell
0,5212,[0.49697843 0.49814904],1.2555936e-05,3
1,8799,[0.49676004 0.5018034 ],1.3749583e-05,3
2,1553,[0.50321424 0.49744475],1.6860648e-05,3
3,8457,[0.4928198  0.50775784],0.00011173959,3
4,9626,[0.5133499  0.50718963],0.00022991038,3
5,9408,[0.49085045 0.512838  ],0.00024852867,3
6,8177,[0.48392993 0.49651426],0.00027039746,3
7,1959,[0.502832   0.51659614],0.000283452,3
8,5451,[0.48319575 0.5047141 ],0.00030460523,3
9,4580,[0.51834625 0.49356925],0.00037793937,3
